id,label,file_name
pcb_0011_20260920_180517_016,open,open/pcb_0011_20260920_180517_016.png
pcb_0011_20260920_180517_018,open,open/pcb_0011_20260920_180517_018.png
pcb_0011_20260920_180517_022,open,open/pcb_0011_20260920_180517_022.png
pcb_0011_20260920_180517_027,open,open/pcb_0011_20260920_180517_027.png
pcb_0011_20260920_180517_030,open,open/pcb_0011_20260920_180517_030.png
pcb_0011_20260920_180517_023,short,short/pcb_0011_20260920_180517_023.png
pcb_0012_20260920_180518_036,short,short/pcb_0012_20260920_180518_036.png
pcb_0012_20260920_180518_042,short,short/pcb_0012_20260920_180518_042.png
pcb_0001_20260920_182218_019,short,short/pcb_0001_20260920_182218_019.png
pcb_0011_20260920_180517_031,minor,minor/pcb_0011_20260920_180517_031.png
pcb_0011_20260920_180517_046,minor,minor/pcb_0011_20260920_180517_046.png
pcb_0013_20260920_180519_000,minor,minor/pcb_0013_20260920_180519_000.png
pcb_0013_20260920_180519_028,minor,minor/pcb_0013_20260920_180519_028.png
pcb_0013_20260920_180519_036,minor,minor/pcb_0013_20260920_180519_036.png
pcb_0011_20260920_180517_013,normal,normal/pcb_0011_20260920_180517_013.png
pcb_0011_20260920_180517_014,normal,normal/pcb_0011_20260920_180517_014.png
pcb_0011_20260920_180517_015,normal,normal/pcb_0011_20260920_180517_015.png
pcb_0011_20260920_180517_017,normal,normal/pcb_0011_20260920_180517_017.png
pcb_0011_20260920_180517_019,normal,normal/pcb_0011_20260920_180517_019.png
