id,label
pcb_0011_20260920_180517_000,skip
pcb_0011_20260920_180517_001,skip
pcb_0011_20260920_180517_002,skip
pcb_0011_20260920_180517_003,skip
pcb_0011_20260920_180517_004,skip
pcb_0011_20260920_180517_005,skip
pcb_0011_20260920_180517_006,skip
pcb_0011_20260920_180517_007,skip
pcb_0011_20260920_180517_008,skip
pcb_0011_20260920_180517_009,skip
pcb_0011_20260920_180517_010,skip
pcb_0011_20260920_180517_011,skip
pcb_0011_20260920_180517_012,skip
pcb_0011_20260920_180517_013,normal
pcb_0011_20260920_180517_014,normal
pcb_0011_20260920_180517_015,normal
pcb_0011_20260920_180517_016,open
pcb_0011_20260920_180517_017,normal
pcb_0011_20260920_180517_018,open
pcb_0011_20260920_180517_019,normal
pcb_0011_20260920_180517_020,normal
pcb_0011_20260920_180517_021,normal
pcb_0011_20260920_180517_022,open
pcb_0011_20260920_180517_023,short
pcb_0011_20260920_180517_024,normal
pcb_0011_20260920_180517_025,normal
pcb_0011_20260920_180517_026,normal
pcb_0011_20260920_180517_027,open
pcb_0011_20260920_180517_028,normal
pcb_0011_20260920_180517_029,normal
pcb_0011_20260920_180517_030,open
pcb_0011_20260920_180517_031,minor
pcb_0011_20260920_180517_032,normal
pcb_0011_20260920_180517_033,open
pcb_0011_20260920_180517_034,normal
pcb_0011_20260920_180517_035,normal
pcb_0011_20260920_180517_036,normal
pcb_0011_20260920_180517_037,open
pcb_0011_20260920_180517_038,normal
pcb_0011_20260920_180517_039,normal
pcb_0011_20260920_180517_040,open
pcb_0011_20260920_180517_041,normal
pcb_0011_20260920_180517_042,normal
pcb_0011_20260920_180517_043,open
pcb_0011_20260920_180517_044,normal
pcb_0011_20260920_180517_045,open
pcb_0011_20260920_180517_046,minor
pcb_0011_20260920_180517_047,normal
pcb_0012_20260920_180518_000,normal
pcb_0012_20260920_180518_001,normal
pcb_0012_20260920_180518_002,normal
pcb_0012_20260920_180518_003,normal
pcb_0012_20260920_180518_004,normal
pcb_0012_20260920_180518_005,open
pcb_0012_20260920_180518_006,normal
pcb_0012_20260920_180518_007,normal
pcb_0012_20260920_180518_008,normal
pcb_0012_20260920_180518_009,open
pcb_0012_20260920_180518_010,normal
pcb_0012_20260920_180518_011,open
pcb_0012_20260920_180518_012,normal
pcb_0012_20260920_180518_013,normal
pcb_0012_20260920_180518_014,open
pcb_0012_20260920_180518_015,normal
pcb_0012_20260920_180518_016,normal
pcb_0012_20260920_180518_017,normal
pcb_0012_20260920_180518_018,normal
pcb_0012_20260920_180518_019,normal
pcb_0012_20260920_180518_020,normal
pcb_0012_20260920_180518_021,normal
pcb_0012_20260920_180518_022,normal
pcb_0012_20260920_180518_023,normal
pcb_0012_20260920_180518_024,normal
pcb_0012_20260920_180518_025,normal
pcb_0012_20260920_180518_026,normal
pcb_0012_20260920_180518_027,open
pcb_0012_20260920_180518_028,normal
pcb_0012_20260920_180518_029,normal
pcb_0012_20260920_180518_030,open
pcb_0012_20260920_180518_031,normal
pcb_0012_20260920_180518_032,normal
pcb_0012_20260920_180518_033,open
pcb_0012_20260920_180518_034,normal
pcb_0012_20260920_180518_035,normal
pcb_0012_20260920_180518_036,short
pcb_0012_20260920_180518_037,normal
pcb_0012_20260920_180518_038,open
pcb_0012_20260920_180518_039,normal
pcb_0012_20260920_180518_040,normal
pcb_0012_20260920_180518_041,normal
pcb_0012_20260920_180518_042,short
pcb_0012_20260920_180518_043,normal
pcb_0012_20260920_180518_044,open
pcb_0012_20260920_180518_045,normal
pcb_0012_20260920_180518_046,normal
pcb_0013_20260920_180519_000,minor
pcb_0013_20260920_180519_001,normal
pcb_0013_20260920_180519_002,normal
pcb_0013_20260920_180519_003,normal
pcb_0013_20260920_180519_004,open
pcb_0013_20260920_180519_005,normal
pcb_0013_20260920_180519_006,normal
pcb_0013_20260920_180519_007,normal
pcb_0013_20260920_180519_008,normal
pcb_0013_20260920_180519_009,normal
pcb_0013_20260920_180519_010,open
pcb_0013_20260920_180519_011,normal
pcb_0013_20260920_180519_012,open
pcb_0013_20260920_180519_013,normal
pcb_0013_20260920_180519_014,open
pcb_0013_20260920_180519_015,normal
pcb_0013_20260920_180519_016,open
pcb_0013_20260920_180519_017,normal
pcb_0013_20260920_180519_018,normal
pcb_0013_20260920_180519_019,normal
pcb_0013_20260920_180519_020,open
pcb_0013_20260920_180519_021,normal
pcb_0013_20260920_180519_022,open
pcb_0013_20260920_180519_023,normal
pcb_0013_20260920_180519_024,normal
pcb_0013_20260920_180519_025,normal
pcb_0013_20260920_180519_026,normal
pcb_0013_20260920_180519_027,normal
pcb_0013_20260920_180519_028,minor
pcb_0013_20260920_180519_029,open
pcb_0013_20260920_180519_030,normal
pcb_0013_20260920_180519_031,normal
pcb_0013_20260920_180519_032,normal
pcb_0013_20260920_180519_033,open
pcb_0013_20260920_180519_034,normal
pcb_0013_20260920_180519_035,open
pcb_0013_20260920_180519_036,minor
pcb_0013_20260920_180519_037,open
pcb_0013_20260920_180519_038,open
pcb_0013_20260920_180519_039,normal
pcb_0013_20260920_180519_040,normal
pcb_0013_20260920_180519_041,normal
pcb_0013_20260920_180519_042,normal
pcb_0013_20260920_180519_043,normal
pcb_0013_20260920_180519_044,normal
pcb_0013_20260920_180519_045,normal
pcb_0013_20260920_180519_046,normal
pcb_0013_20260920_180519_047,normal
pcb_0013_20260920_180519_048,normal
pcb_0013_20260920_180519_049,normal
pcb_0013_20260920_180519_050,open
pcb_0013_20260920_180519_051,normal
pcb_0013_20260920_180519_052,normal
pcb_0013_20260920_180519_053,normal
pcb_0013_20260920_180519_054,normal
pcb_0013_20260920_180519_055,normal
pcb_0013_20260920_180519_056,normal
pcb_0013_20260920_180519_057,normal
pcb_0013_20260920_180519_058,normal
pcb_0014_20260920_180520_000,normal
pcb_0014_20260920_180520_001,normal
pcb_0014_20260920_180520_002,normal
pcb_0014_20260920_180520_003,normal
pcb_0014_20260920_180520_004,normal
pcb_0014_20260920_180520_005,normal
pcb_0014_20260920_180520_006,normal
pcb_0014_20260920_180520_007,normal
pcb_0014_20260920_180520_008,open
pcb_0014_20260920_180520_009,normal
pcb_0014_20260920_180520_010,normal
pcb_0014_20260920_180520_011,normal
pcb_0014_20260920_180520_012,open
pcb_0014_20260920_180520_013,normal
pcb_0014_20260920_180520_014,normal
pcb_0014_20260920_180520_015,normal
pcb_0014_20260920_180520_016,normal
pcb_0014_20260920_180520_017,normal
pcb_0014_20260920_180520_018,normal
pcb_0014_20260920_180520_019,normal
pcb_0014_20260920_180520_020,open
pcb_0014_20260920_180520_021,normal
pcb_0014_20260920_180520_022,normal
pcb_0014_20260920_180520_023,normal
pcb_0014_20260920_180520_024,open
pcb_0014_20260920_180520_025,normal
pcb_0014_20260920_180520_026,normal
pcb_0014_20260920_180520_027,minor
pcb_0014_20260920_180520_028,normal
pcb_0014_20260920_180520_029,normal
pcb_0014_20260920_180520_030,normal
pcb_0014_20260920_180520_031,normal
pcb_0014_20260920_180520_032,open
pcb_0014_20260920_180520_033,normal
pcb_0014_20260920_180520_034,open
pcb_0014_20260920_180520_035,normal
pcb_0014_20260920_180520_036,normal
pcb_0014_20260920_180520_037,minor
pcb_0014_20260920_180520_038,open
pcb_0014_20260920_180520_039,normal
pcb_0014_20260920_180520_040,normal
pcb_0014_20260920_180520_041,normal
pcb_0014_20260920_180520_042,normal
pcb_0014_20260920_180520_043,minor
pcb_0014_20260920_180520_044,normal
pcb_0014_20260920_180520_045,normal
pcb_0014_20260920_180520_046,open
pcb_0014_20260920_180520_047,normal
pcb_0014_20260920_180520_048,normal
pcb_0014_20260920_180520_049,normal
pcb_0014_20260920_180520_050,normal
pcb_0014_20260920_180520_051,normal
pcb_0015_20260920_180521_000,normal
pcb_0015_20260920_180521_001,normal
pcb_0015_20260920_180521_002,normal
pcb_0015_20260920_180521_003,normal
pcb_0015_20260920_180521_004,normal
pcb_0015_20260920_180521_005,normal
pcb_0015_20260920_180521_006,normal
pcb_0015_20260920_180521_007,open
pcb_0015_20260920_180521_008,normal
pcb_0015_20260920_180521_009,open
pcb_0015_20260920_180521_010,normal
pcb_0015_20260920_180521_011,normal
pcb_0015_20260920_180521_012,open
pcb_0015_20260920_180521_013,normal
pcb_0015_20260920_180521_014,open
pcb_0015_20260920_180521_015,normal
pcb_0015_20260920_180521_016,normal
pcb_0015_20260920_180521_017,normal
pcb_0015_20260920_180521_018,open
pcb_0015_20260920_180521_019,normal
pcb_0015_20260920_180521_020,normal
pcb_0015_20260920_180521_021,normal
pcb_0015_20260920_180521_022,normal
pcb_0015_20260920_180521_023,normal
pcb_0015_20260920_180521_024,normal
pcb_0015_20260920_180521_025,normal
pcb_0015_20260920_180521_026,normal
pcb_0015_20260920_180521_027,minor
pcb_0015_20260920_180521_028,minor
pcb_0015_20260920_180521_029,minor
pcb_0015_20260920_180521_030,open
pcb_0015_20260920_180521_031,minor
pcb_0015_20260920_180521_032,normal
pcb_0015_20260920_180521_033,normal
pcb_0015_20260920_180521_034,normal
pcb_0015_20260920_180521_035,normal
pcb_0015_20260920_180521_036,minor
pcb_0015_20260920_180521_037,open
pcb_0015_20260920_180521_038,open
pcb_0015_20260920_180521_039,open
pcb_0015_20260920_180521_040,normal
pcb_0015_20260920_180521_041,normal
pcb_0015_20260920_180521_042,open
pcb_0015_20260920_180521_043,open
pcb_0015_20260920_180521_044,minor
pcb_0015_20260920_180521_045,normal
pcb_0015_20260920_180521_046,normal
pcb_0015_20260920_180521_047,normal
pcb_0015_20260920_180521_048,normal
pcb_0015_20260920_180521_049,open
pcb_0015_20260920_180521_050,normal
pcb_0015_20260920_180521_051,normal
pcb_0015_20260920_180521_052,normal
pcb_0015_20260920_180521_053,normal
pcb_0015_20260920_180521_054,normal
pcb_0015_20260920_180521_055,normal
pcb_0001_20260920_182218_000,open
pcb_0001_20260920_182218_001,normal
pcb_0001_20260920_182218_002,normal
pcb_0001_20260920_182218_003,normal
pcb_0001_20260920_182218_004,normal
pcb_0001_20260920_182218_005,normal
pcb_0001_20260920_182218_006,normal
pcb_0001_20260920_182218_007,normal
pcb_0001_20260920_182218_008,normal
pcb_0001_20260920_182218_009,normal
pcb_0001_20260920_182218_010,normal
pcb_0001_20260920_182218_011,normal
pcb_0001_20260920_182218_012,normal
pcb_0001_20260920_182218_013,normal
pcb_0001_20260920_182218_014,normal
pcb_0001_20260920_182218_015,normal
pcb_0001_20260920_182218_016,skip
pcb_0001_20260920_182218_017,skip
pcb_0001_20260920_182218_018,normal
pcb_0001_20260920_182218_019,short
pcb_0001_20260920_182218_020,normal
