file,matched_design,verdict,open,short,minor,align_score,angle,mirrored,time_s,warnings
pcb_0001,test4,FAIL,18,3,15,0.9347,355.1,True,5.719,LOW_RES: 14% ของบอร์ดมีช่องว่าง/ลายที่แคบเกินกว่าจะตรวจ open/short ได้ (ควร < 8%) — ควรใช้ mask ความละเอียดสูงขึ้น
pcb_0002,test4,FAIL,16,3,9,0.9316,355.2,True,5.665,LOW_RES: 14% ของบอร์ดมีช่องว่าง/ลายที่แคบเกินกว่าจะตรวจ open/short ได้ (ควร < 8%) — ควรใช้ mask ความละเอียดสูงขึ้น
pcb_0003,test4,FAIL,23,3,7,0.9194,355.1,True,27.479,LOW_RES: 14% ของบอร์ดมีช่องว่าง/ลายที่แคบเกินกว่าจะตรวจ open/short ได้ (ควร < 8%) — ควรใช้ mask ความละเอียดสูงขึ้น
pcb_0004,test4,FAIL,15,4,5,0.9192,355.6,True,20.789,LOW_RES: 17% ของบอร์ดมีช่องว่าง/ลายที่แคบเกินกว่าจะตรวจ open/short ได้ (ควร < 8%) — ควรใช้ mask ความละเอียดสูงขึ้น
pcb_0005,test4,FAIL,16,2,10,0.922,355.1,True,5.641,LOW_RES: 17% ของบอร์ดมีช่องว่าง/ลายที่แคบเกินกว่าจะตรวจ open/short ได้ (ควร < 8%) — ควรใช้ mask ความละเอียดสูงขึ้น
pcb_0006,test4,FAIL,22,1,10,0.9197,355.7,True,20.612,LOW_RES: 17% ของบอร์ดมีช่องว่าง/ลายที่แคบเกินกว่าจะตรวจ open/short ได้ (ควร < 8%) — ควรใช้ mask ความละเอียดสูงขึ้น
pcb_0007,test4,FAIL,11,3,4,0.9201,355.5,True,5.561,LOW_RES: 17% ของบอร์ดมีช่องว่าง/ลายที่แคบเกินกว่าจะตรวจ open/short ได้ (ควร < 8%) — ควรใช้ mask ความละเอียดสูงขึ้น
pcb_0008,test4,FAIL,17,2,3,0.92,355.8,True,22.755,LOW_RES: 16% ของบอร์ดมีช่องว่าง/ลายที่แคบเกินกว่าจะตรวจ open/short ได้ (ควร < 8%) — ควรใช้ mask ความละเอียดสูงขึ้น
pcb_0009,test4,FAIL,18,4,7,0.9172,355.7,True,19.376,LOW_RES: 17% ของบอร์ดมีช่องว่าง/ลายที่แคบเกินกว่าจะตรวจ open/short ได้ (ควร < 8%) — ควรใช้ mask ความละเอียดสูงขึ้น
pcb_0010,test4,FAIL,16,2,6,0.9191,355.8,True,18.398,LOW_RES: 17% ของบอร์ดมีช่องว่าง/ลายที่แคบเกินกว่าจะตรวจ open/short ได้ (ควร < 8%) — ควรใช้ mask ความละเอียดสูงขึ้น
pcb_0011,test2,FAIL,10,0,3,0.9427,87.7,True,4.681,LOW_RES: 16% ของบอร์ดมีช่องว่าง/ลายที่แคบเกินกว่าจะตรวจ open/short ได้ (ควร < 8%) — ควรใช้ mask ความละเอียดสูงขึ้น
pcb_0012,test2,FAIL,8,0,2,0.9439,88.0,True,3.924,LOW_RES: 15% ของบอร์ดมีช่องว่าง/ลายที่แคบเกินกว่าจะตรวจ open/short ได้ (ควร < 8%) — ควรใช้ mask ความละเอียดสูงขึ้น
pcb_0013,test2,FAIL,9,0,4,0.9388,89.8,True,4.165,LOW_RES: 16% ของบอร์ดมีช่องว่าง/ลายที่แคบเกินกว่าจะตรวจ open/short ได้ (ควร < 8%) — ควรใช้ mask ความละเอียดสูงขึ้น
pcb_0014,test2,FAIL,10,0,4,0.943,88.7,True,3.969,LOW_RES: 15% ของบอร์ดมีช่องว่าง/ลายที่แคบเกินกว่าจะตรวจ open/short ได้ (ควร < 8%) — ควรใช้ mask ความละเอียดสูงขึ้น
pcb_0015,test2,FAIL,8,1,11,0.9359,88.6,True,3.967,LOW_RES: 16% ของบอร์ดมีช่องว่าง/ลายที่แคบเกินกว่าจะตรวจ open/short ได้ (ควร < 8%) — ควรใช้ mask ความละเอียดสูงขึ้น
pcb_0016,test3,NO_MATCH,2,0,0,0.6288,183.6,False,16.893,"ALIGN_LOW: ลายซ้อนกันได้น้อย (คะแนน 0.63 < 0.8) — อาจเป็นคนละลาย, ผิดด้าน (top/bottom), หรือ mask ไม่ดี → ผลตำหนิเชื่อถือไม่ได้ | LOW_RES: เส้นลายกว้างเพียง 2.6 px ใน mask (ควร ≥ 4 px) และ 23% ของบอร์ดมีช่องว่าง/ลายที่แคบเกินกว่าจะตรวจ open/short ได้ (ควร < 8%) — ควรใช้ mask ความละเอียดสูงขึ้น"
pcb_0017,test3,FAIL,10,1,3,0.8686,177.9,True,15.888,LOW_RES: 16% ของบอร์ดมีช่องว่าง/ลายที่แคบเกินกว่าจะตรวจ open/short ได้ (ควร < 8%) — ควรใช้ mask ความละเอียดสูงขึ้น
pcb_0018,test3,FAIL,7,1,2,0.8744,177.9,True,14.906,LOW_RES: 15% ของบอร์ดมีช่องว่าง/ลายที่แคบเกินกว่าจะตรวจ open/short ได้ (ควร < 8%) — ควรใช้ mask ความละเอียดสูงขึ้น
pcb_0019,test3,FAIL,8,0,4,0.867,177.9,True,16.317,LOW_RES: 16% ของบอร์ดมีช่องว่าง/ลายที่แคบเกินกว่าจะตรวจ open/short ได้ (ควร < 8%) — ควรใช้ mask ความละเอียดสูงขึ้น
pcb_0020,test3,FAIL,11,0,2,0.8709,177.8,True,18.743,LOW_RES: 16% ของบอร์ดมีช่องว่าง/ลายที่แคบเกินกว่าจะตรวจ open/short ได้ (ควร < 8%) — ควรใช้ mask ความละเอียดสูงขึ้น
